encoder,opn,pre_type,use_static,use_cl,gpu,datetime,pre_weight,train_len,test_len,temperature,lr,n_hidden,filter_MRR,filter_H@1,filter_H@3,filter_H@10,filter_inv_MRR,filter_inv_H@1,filter_inv_H@3,filter_inv_H@10,all_MRR,all_H@1,all_H@3,all_H@10,filter_all_MRR,filter_all_H@1,filter_all_H@3,filter_all_H@10
uvrgcn,sub,all,True,False,0,2024-05-30 15:34:29.089880,0.9,7,7,0.03,0.001,200,0.33119717240333557,0.21235240995883942,0.3814915716648102,0.5662528872489929,0.29334357380867004,0.17913009226322174,0.33619943261146545,0.5242103338241577,0.2975139319896698,0.17877687513828278,0.34322334825992584,0.5380361378192902,0.3122703731060028,0.19574125111103058,0.3588455021381378,0.5452316105365753
uvrgcn,sub,all,True,False,0,2024-06-14 13:03:24.451800,0.9,7,7,0.03,0.001,200,0.33119717240333557,0.21235240995883942,0.3814915716648102,0.5662528872489929,0.29334357380867004,0.17913009226322174,0.33619943261146545,0.5242103338241577,0.2975139319896698,0.17877687513828278,0.34322334825992584,0.5380361378192902,0.3122703731060028,0.19574125111103058,0.3588455021381378,0.5452316105365753
uvrgcn,sub,all,True,False,0,2024-06-16 12:05:28.412353,0.9,7,7,0.03,0.001,200,0.33119717240333557,0.21235240995883942,0.3814915716648102,0.5662528872489929,0.29334357380867004,0.17913009226322174,0.33619943261146545,0.5242103338241577,0.2975139319896698,0.17877687513828278,0.34322334825992584,0.5380361378192902,0.3122703731060028,0.19574125111103058,0.3588455021381378,0.5452316105365753
uvrgcn,sub,all,True,True,0,2025-05-28 01:26:42.479637,0.9,7,7,0.03,0.001,200,0.37880590558052063,0.26331618428230286,0.4321122467517853,0.6025633215904236,0.3436757028102875,0.23447372019290924,0.3850439190864563,0.563386857509613,0.34158656001091003,0.22362498939037323,0.39169444143772125,0.5754162967205048,0.36124080419540405,0.24889495223760605,0.4085780829191208,0.5829750895500183
uvrgcn,sub,all,True,True,0,2025-07-08 15:38:44.872180,0.9,7,7,0.03,0.001,200,0.3723483085632324,0.25853264331817627,0.4227268397808075,0.5940660238265991,0.3357985019683838,0.22728833556175232,0.3768695294857025,0.5550308227539062,0.33496585488319397,0.2185588851571083,0.3830759972333908,0.5674942135810852,0.3540734052658081,0.2429104894399643,0.399798184633255,0.5745484232902527
uvrgcn,sub,all,True,True,1,2025-07-18 13:32:11.984008,0.9,7,7,0.03,0.001,200,0.3778989017009735,0.26265013217926025,0.4305379092693329,0.6028055548667908,0.34183546900749207,0.23180946707725525,0.3836512267589569,0.5629428029060364,0.3405977189540863,0.22268645465373993,0.39026138186454773,0.5753557682037354,0.3598671853542328,0.24722979962825775,0.4070945680141449,0.5828741788864136
uvrgcn,sub,all,True,True,1,2025-07-18 17:44:19.085911,0.9,7,7,0.03,0.001,200,0.3740730881690979,0.257906973361969,0.4259360432624817,0.601311981678009,0.3385867774486542,0.2290039360523224,0.37951359152793884,0.5600161552429199,0.3375137448310852,0.2197396382689476,0.38641639053821564,0.5733474791049957,0.35632991790771484,0.2434554547071457,0.40272481739521027,0.5806640684604645
uvrgcn,sub,all,True,True,1,2025-07-18 21:05:06.824098,0.9,7,7,0.03,0.001,200,0.37099626660346985,0.25502070784568787,0.4238167405128479,0.5964477062225342,0.33935415744781494,0.22934706509113312,0.3811686336994171,0.5595721006393433,0.3365376591682434,0.21856898069381714,0.38584116101264954,0.5703502297401428,0.3551751971244812,0.2421838864684105,0.4024926871061325,0.5780099034309387
uvrgcn,sub,all,True,True,1,2025-07-19 13:22:53.951987,0.9,7,7,0.03,0.001,200,0.37639859318733215,0.26216572523117065,0.428761750459671,0.5990715622901917,0.34031790494918823,0.23114341497421265,0.3814108371734619,0.558946430683136,0.3388090431690216,0.22171763330698013,0.38848522305488586,0.5716722309589386,0.3583582639694214,0.24665457010269165,0.40508629381656647,0.5790089964866638
uvrgcn,sub,all,True,True,1,2025-07-19 18:32:33.187779,0.9,7,7,0.03,0.001,200,0.375277578830719,0.25919872522354126,0.4297507405281067,0.5989504456520081,0.3387686312198639,0.22958926856517792,0.38114845752716064,0.5595317482948303,0.337887704372406,0.2199515625834465,0.38866688311100006,0.5719043612480164,0.35702311992645264,0.2443939968943596,0.40544959902763367,0.5792410969734192
uvrgcn,sub,all,True,True,1,2025-07-22 12:04:30.833952,0.9,7,7,0.03,0.001,200,0.3712632656097412,0.25625190138816833,0.42246443033218384,0.5961449146270752,0.3362671434879303,0.22690483927726746,0.37775760889053345,0.5548895001411438,0.33546316623687744,0.21841760724782944,0.3836512416601181,0.5680593550205231,0.35376518964767456,0.2415783703327179,0.40011101961135864,0.5755172073841095
uvrgcn,sub,all,True,True,1,2025-07-22 16:23:24.228668,0.9,7,7,0.03,0.001,200,0.37428200244903564,0.25950145721435547,0.4250277578830719,0.600989043712616,0.33827751874923706,0.22896356880664825,0.37884750962257385,0.5595721006393433,0.33750325441360474,0.2205267995595932,0.384468674659729,0.572570413351059,0.35627976059913635,0.24423251301050186,0.4019376337528229,0.5802805721759796
uvrgcn,sub,all,True,True,0,2025-08-04 14:41:52.996644,0.9,7,7,0.03,0.001,200,0.3735467791557312,0.26059138774871826,0.4235745370388031,0.5950348377227783,0.33850011229515076,0.23039661347866058,0.3786456882953644,0.5571500658988953,0.3367202877998352,0.22045616060495377,0.3852861076593399,0.5688263475894928,0.3560234308242798,0.24549400061368942,0.40111011266708374,0.5760924518108368
uvrgcn,sub,all,True,True,0,2025-08-06 19:43:20.784232,0.9,7,7,0.05,0.001,200,0.3909109830856323,0.2742961049079895,0.4449692368507385,0.6176405549049377,0.35401853919029236,0.24178020656108856,0.399798184633255,0.578625500202179,0.351165771484375,0.23071955889463425,0.4037642627954483,0.5907054245471954,0.37246477603912354,0.25803815573453903,0.42238371074199677,0.5981330275535583
uvrgcn,sub,all,True,True,0,2025-08-07 00:07:00.240481,0.9,7,7,0.03,0.001,200,0.3903586268424988,0.2749621570110321,0.44295087456703186,0.6166515350341797,0.35463643074035645,0.24335452914237976,0.39790090918540955,0.5773135423660278,0.3513956665992737,0.23229388147592545,0.40144313871860504,0.589484304189682,0.3724975287914276,0.25915834307670593,0.4204258918762207,0.5969825387001038
uvrgcn,sub,all,True,True,0,2025-08-11 13:04:20.287503,0.9,7,7,0.03,0.001,200,0.3885442316532135,0.2733474671840668,0.440145343542099,0.6158240437507629,0.35237613320350647,0.24141690135002136,0.3950146436691284,0.5768493413925171,0.34998899698257446,0.23126451671123505,0.39941468834877014,0.5880109071731567,0.37046018242836,0.25738218426704407,0.4175799936056137,0.59633669257164
uvrgcn,sub,all,True,True,0,2025-08-11 16:54:17.608601,0.9,7,7,0.03,0.001,200,0.39109230041503906,0.27609243988990784,0.44391968846321106,0.6156827211380005,0.3529040217399597,0.24111413955688477,0.39711374044418335,0.577959418296814,0.3510611653327942,0.23180947452783585,0.4016752541065216,0.5889696180820465,0.3719981610774994,0.2586032897233963,0.4205167144536972,0.5968210697174072
uvrgcn,sub,all,True,True,0,2025-08-11 21:12:30.556397,0.9,8,8,0.03,0.001,200,0.38791516423225403,0.27288323640823364,0.4393783509731293,0.6138662099838257,0.3515308201313019,0.2407306581735611,0.3938238024711609,0.5754566788673401,0.3491770625114441,0.23034615814685822,0.39914220571517944,0.5872237384319305,0.36972299218177795,0.25680694729089737,0.4166010767221451,0.5946614444255829
uvrgcn,sub,all,True,True,0,2025-08-12 01:28:05.141759,0.9,9,9,0.03,0.001,200,0.38910752534866333,0.27407407760620117,0.44012513756752014,0.6145322322845459,0.35425546765327454,0.2427893877029419,0.3978807330131531,0.5776163339614868,0.35081082582473755,0.2317691072821617,0.4013624042272568,0.5883540213108063,0.3716815114021301,0.25843173265457153,0.4190029352903366,0.5960742831230164
uvrgcn,sub,all,True,True,0,2025-08-20 13:40:42.968129,0.9,7,7,0.05,0.001,200,0.3922707736492157,0.27770712971687317,0.44246646761894226,0.617236852645874,0.35533562302589417,0.24492885172367096,0.3976788818836212,0.5801190733909607,0.3523696959018707,0.23341406881809235,0.4020082801580429,0.5912604928016663,0.37380319833755493,0.26131799072027206,0.42007267475128174,0.5986779630184174
uvrgcn,sub,all,True,True,0,2025-10-02 18:24:43.667906,0.9,7,7,0.05,0.001,200,0.38920047879219055,0.2722979187965393,0.44234535098075867,0.6166918873786926,0.3533453345298767,0.24137653410434723,0.3961853086948395,0.5813906788825989,0.3502577245235443,0.22971037030220032,0.4017660915851593,0.5914522409439087,0.3712729215621948,0.25683722645044327,0.4192653298377991,0.5990412831306458
uvrgcn,sub,all,True,True,0,2025-10-03 01:12:20.505462,0.9,7,7,0.05,0.001,200,0.3918367028236389,0.27631446719169617,0.443960040807724,0.6167322993278503,0.35641393065452576,0.24658392369747162,0.39820367097854614,0.5796346664428711,0.3528423309326172,0.23369663953781128,0.40360279381275177,0.5907054543495178,0.37412530183792114,0.2614491954445839,0.42108185589313507,0.5981834828853607
uvrgcn,sub,all,True,True,0,2025-10-12 15:44:49.873362,0.9,7,7,0.05,0.001,200,0.3868466317653656,0.2707235813140869,0.439479261636734,0.6141891479492188,0.3511137366294861,0.23949944972991943,0.3948329985141754,0.5760217905044556,0.34826672077178955,0.22863054275512695,0.3993339538574219,0.5877788066864014,0.36898016929626465,0.2551115155220032,0.4171561300754547,0.5951054692268372
uvrgcn,sub,all,True,True,0,2025-10-12 20:25:19.454865,0.9,7,7,0.05,0.001,200,0.390123188495636,0.2742557227611542,0.4432939887046814,0.6178827285766602,0.35361456871032715,0.24359673261642456,0.39511555433273315,0.5783227682113647,0.3510320782661438,0.23187002539634705,0.4023110419511795,0.589928388595581,0.37186887860298157,0.25892622768878937,0.4192047715187073,0.5981027483940125
uvrgcn,sub,all,True,True,0,2025-10-13 18:34:01.001217,0.9,7,7,0.05,0.001,200,0.3909677267074585,0.2744777500629425,0.44531235098838806,0.6183873414993286,0.35650569200515747,0.24620042741298676,0.3999394476413727,0.5822787284851074,0.3526404798030853,0.23302049189805984,0.40471290051937103,0.5916540622711182,0.373736709356308,0.26033908873796463,0.42262589931488037,0.600333034992218
uvrgcn,sub,all,True,True,0,2025-10-14 00:05:15.057483,0.9,7,7,0.05,0.001,200,0.38901662826538086,0.2739327847957611,0.44107377529144287,0.6149157285690308,0.3521723449230194,0.2422444373369217,0.3943687677383423,0.5746896862983704,0.350173681974411,0.23194066435098648,0.39986881613731384,0.5869613587856293,0.37059450149536133,0.2580886110663414,0.4177212715148926,0.5948027074337006
uvrgcn,sub,all,True,True,0,2025-10-14 15:46:17.205138,0.9,7,7,0.05,0.001,200,0.3922962248325348,0.2780502736568451,0.44282975792884827,0.6180240511894226,0.3552577793598175,0.2438793033361435,0.39963671565055847,0.5800787210464478,0.3529200553894043,0.23402968049049377,0.4032192975282669,0.5913916826248169,0.37377700209617615,0.2609647884964943,0.42123323678970337,0.5990513861179352
uvrgcn,sub,all,True,True,0,2025-10-14 21:30:51.559876,0.9,7,7,0.05,0.001,200,0.3904353976249695,0.27492180466651917,0.4442426264286041,0.6165909767150879,0.3529365360736847,0.24105359613895416,0.3970128297805786,0.5778787136077881,0.3506070375442505,0.23102231323719025,0.40204866230487823,0.5895549654960632,0.3716859817504883,0.25798770040273666,0.42062772810459137,0.597234845161438
uvrgcn,sub,all,True,True,0,2025-10-15 16:04:06.620854,0.9,7,7,0.05,0.001,200,0.3922906219959259,0.2767786979675293,0.4454536437988281,0.6185084581375122,0.3562266230583191,0.2457563877105713,0.39905136823654175,0.5797961354255676,0.35260099172592163,0.233313150703907,0.4039459228515625,0.5914522111415863,0.3742586374282837,0.2612675428390503,0.42225250601768494,0.5991522967815399
uvrgcn,sub,all,True,True,0,2025-10-18 22:04:10.549656,0.9,7,7,0.05,0.001,200,0.39157333970069885,0.27570897340774536,0.4433545470237732,0.6200827956199646,0.35433775186538696,0.24238571524620056,0.3974972367286682,0.5814310312271118,0.35176676511764526,0.23168836534023285,0.40287618339061737,0.5927036106586456,0.3729555606842041,0.25904734432697296,0.4204258918762207,0.6007569134235382
uvrgcn,sub,all,True,True,0,2025-10-19 02:11:27.766783,0.9,7,7,0.05,0.001,200,0.3878570795059204,0.27149057388305664,0.44119489192962646,0.6178423762321472,0.3515055477619171,0.2394590824842453,0.39559996128082275,0.5767484307289124,0.3489835262298584,0.22906449437141418,0.4001009315252304,0.5891815721988678,0.36968129873275757,0.25547482818365097,0.4183974266052246,0.5972954034805298
uvrgcn,sub,all,True,True,0,2025-10-19 13:07:11.254333,0.9,7,7,0.05,0.001,200,0.39013949036598206,0.2736300528049469,0.44343528151512146,0.617579996585846,0.3549569845199585,0.24355636537075043,0.39899083971977234,0.5797154307365417,0.35168737173080444,0.23208195716142654,0.4029165506362915,0.5905035734176636,0.3725482225418091,0.25859320908784866,0.4212130606174469,0.5986477136611938
uvrgcn,sub,all,True,True,0,2025-10-19 18:27:08.819353,0.9,7,7,0.05,0.001,200,0.38791483640670776,0.27149057388305664,0.44006460905075073,0.6177414655685425,0.3510371446609497,0.23919670283794403,0.39451006054878235,0.5777374505996704,0.3490828275680542,0.22928651422262192,0.39977797865867615,0.5900696516036987,0.36947599053382874,0.25534363836050034,0.41728733479976654,0.5977394580841064
uvrgcn,sub,all,True,True,0,2025-10-19 23:04:09.804322,0.9,7,7,0.05,0.001,200,0.39172446727752686,0.27716219425201416,0.4431728720664978,0.6177212595939636,0.3550899922847748,0.24553437530994415,0.3967706263065338,0.5752346515655518,0.35209256410598755,0.23365627974271774,0.40220002830028534,0.5887778997421265,0.373407244682312,0.26134828478097916,0.4199717491865158,0.5964779555797577
uvrgcn,sub,all,True,True,0,2025-10-24 16:43:28.555436,0.9,7,7,0.05,0.001,200,0.3871464431285858,0.2705621123313904,0.44042789936065674,0.6164900660514832,0.35180819034576416,0.23998385667800903,0.39572107791900635,0.5763649344444275,0.34914878010749817,0.22968009114265442,0.4002523124217987,0.5885457992553711,0.3694773316383362,0.2552729845046997,0.41807448863983154,0.5964275002479553
uvrgcn,sub,all,True,True,0,2025-10-24 23:31:58.092535,0.9,7,7,0.05,0.001,200,0.3876887559890747,0.27173277735710144,0.441356360912323,0.6144313216209412,0.3517627716064453,0.24089212715625763,0.39481279253959656,0.5777374505996704,0.3487291932106018,0.22923605889081955,0.39992937445640564,0.5881723761558533,0.36972576379776,0.25631245225667953,0.4180845767259598,0.5960843861103058
